{
  "sca": 0.30000001192092896,
  "nodes": [],
  "rot": -1.5707963705062866,
  "snapX": 77,
  "w": 99,
  "snapY": 55,
  "x": 0,
  "h": 93,
  "y": 0,
  "id": 0,
  "isFlipped": false
}