{
  "sca": 0.30000001192092896,
  "nodes": [],
  "rot": 0.9424777626991272,
  "snapX": 12,
  "w": 96,
  "snapY": 26,
  "x": 0,
  "h": 86,
  "y": 0,
  "id": 2,
  "isFlipped": false
}