{
  "sca": 0.30000001192092896,
  "nodes": [],
  "rot": -2.181661605834961,
  "snapX": 70,
  "w": 80,
  "snapY": 53,
  "x": 0,
  "h": 75,
  "y": 0,
  "id": 3,
  "isFlipped": false
}