{
  "sca": 0.3400000035762787,
  "nodes": [],
  "rot": 3.4033920764923096,
  "snapX": 26,
  "w": 37,
  "snapY": 81,
  "x": 0,
  "h": 102,
  "y": 0,
  "id": 4,
  "isFlipped": true
}