{
  "sca": 0.18000000715255737,
  "nodes": [],
  "rot": 2.6179938316345215,
  "snapX": 24,
  "w": 76,
  "snapY": 88,
  "x": 0,
  "h": 105,
  "y": 0,
  "id": 5,
  "isFlipped": false
}