{
  "sca": 0.2800000011920929,
  "nodes": [],
  "rot": 4.537856101989746,
  "snapX": 93,
  "w": 115,
  "snapY": 38,
  "x": 0,
  "h": 72,
  "y": 0,
  "id": 6,
  "isFlipped": false
}